<?xml version="1.0"?>
<?mso-application progid="Excel.Sheet"?>
<Workbook xmlns="urn:schemas-microsoft-com:office:spreadsheet"
 xmlns:o="urn:schemas-microsoft-com:office:office"
 xmlns:x="urn:schemas-microsoft-com:office:excel"
 xmlns:ss="urn:schemas-microsoft-com:office:spreadsheet"
 xmlns:html="http://www.w3.org/TR/REC-html40">
 <DocumentProperties xmlns="urn:schemas-microsoft-com:office:office">
  <Author>Hoang Phu</Author>
  <LastAuthor>Le Minh Hoang</LastAuthor>
  <Created>2013-11-09T04:09:09Z</Created>
  <Version>16.00</Version>
 </DocumentProperties>
 <OfficeDocumentSettings xmlns="urn:schemas-microsoft-com:office:office">
  <AllowPNG/>
 </OfficeDocumentSettings>
 <ExcelWorkbook xmlns="urn:schemas-microsoft-com:office:excel">
  <WindowHeight>4575</WindowHeight>
  <WindowWidth>15345</WindowWidth>
  <WindowTopX>0</WindowTopX>
  <WindowTopY>0</WindowTopY>
  <RefModeR1C1/>
  <ProtectStructure>False</ProtectStructure>
  <ProtectWindows>False</ProtectWindows>
 </ExcelWorkbook>
 <Styles>
  <Style ss:ID="Default" ss:Name="Normal">
   <Alignment ss:Vertical="Bottom"/>
   <Borders/>
   <Font ss:FontName="Calibri" x:Family="Swiss" ss:Size="11" ss:Color="#000000"/>
   <Interior/>
   <NumberFormat/>
   <Protection/>
  </Style>
  <Style ss:ID="s62">
   <Font ss:FontName="Cambria" x:Family="Roman" ss:Size="11" ss:Color="#000000"/>
  </Style>
  <Style ss:ID="s63">
   <Borders/>
   <Font ss:FontName="Cambria" x:Family="Roman" ss:Size="11" ss:Color="#000000"/>
  </Style>
  <Style ss:ID="s64">
   <Borders/>
   <Font ss:FontName="Cambria" x:Family="Roman" ss:Size="11" ss:Color="#000000"/>
   <Interior/>
  </Style>
 </Styles>
 <Worksheet ss:Name="Sheet1">
  <Table ss:ExpandedColumnCount="8" ss:ExpandedRowCount="60" x:FullColumns="1"
   x:FullRows="1" ss:StyleID="s62" ss:DefaultColumnWidth="54"
   ss:DefaultRowHeight="15">
   <Column ss:StyleID="s62" ss:Width="54.75"/>
   <Column ss:StyleID="s62" ss:Width="128.25"/>
   <Column ss:StyleID="s62" ss:Width="180"/>
   <Column ss:StyleID="s62" ss:Width="123"/>
   <Column ss:StyleID="s62" ss:Width="62.25"/>
   <Column ss:StyleID="s62" ss:Width="65.25"/>
   <Row ss:AutoFitHeight="0">
    <Cell ss:StyleID="s63"><Data ss:Type="String">id</Data></Cell>
    <Cell ss:StyleID="s63"><Data ss:Type="String">username</Data></Cell>
    <Cell ss:StyleID="s63"><Data ss:Type="String">password</Data></Cell>
    <Cell ss:StyleID="s63"><Data ss:Type="String">fullname</Data></Cell>
    <Cell ss:StyleID="s63"><Data ss:Type="String">repass</Data></Cell>
    <Cell ss:StyleID="s63"/>
    <Cell ss:StyleID="s63"/>
    <Cell ss:StyleID="s63"/>
   </Row>
   <Row ss:AutoFitHeight="0">
    <Cell ss:StyleID="s63"><Data ss:Type="Number">0</Data></Cell>
    <Cell ss:StyleID="s63"><Data ss:Type="String">admin</Data></Cell>
    <Cell ss:StyleID="s63"><Data ss:Type="String">admin</Data></Cell>
    <Cell ss:StyleID="s63"><Data ss:Type="String">Administrator</Data></Cell>
    <Cell ss:StyleID="s63"><Data ss:Type="Number">0</Data></Cell>
    <Cell ss:StyleID="s63"/>
    <Cell ss:StyleID="s63"/>
    <Cell ss:StyleID="s63"/>
   </Row>
   <Row ss:AutoFitHeight="0">
    <Cell ss:StyleID="s63"><Data ss:Type="Number">1</Data></Cell>
    <Cell ss:StyleID="s63"><Data ss:Type="String">Hungs20</Data></Cell>
    <Cell ss:StyleID="s63"><Data ss:Type="String">a</Data></Cell>
    <Cell ss:StyleID="s63"><Data ss:Type="String">Chu Văn Hưng</Data></Cell>
    <Cell ss:StyleID="s63"><Data ss:Type="Number">0</Data></Cell>
    <Cell ss:StyleID="s63"/>
    <Cell ss:StyleID="s63"/>
    <Cell ss:StyleID="s63"/>
   </Row>
   <Row ss:AutoFitHeight="0">
    <Cell ss:StyleID="s63"><Data ss:Type="Number">2</Data></Cell>
    <Cell ss:StyleID="s63"><Data ss:Type="String">NNDuong</Data></Cell>
    <Cell ss:StyleID="s63"><Data ss:Type="String">a</Data></Cell>
    <Cell ss:StyleID="s63"><Data ss:Type="String">Ngô Nam Dương</Data></Cell>
    <Cell ss:StyleID="s63"><Data ss:Type="Number">0</Data></Cell>
    <Cell ss:StyleID="s63"/>
    <Cell ss:StyleID="s63"/>
    <Cell ss:StyleID="s63"/>
   </Row>
   <Row ss:AutoFitHeight="0">
    <Cell ss:StyleID="s63"><Data ss:Type="Number">3</Data></Cell>
    <Cell ss:StyleID="s63"><Data ss:Type="String">HNKhang</Data></Cell>
    <Cell ss:StyleID="s63"><Data ss:Type="String">a</Data></Cell>
    <Cell ss:StyleID="s63"><Data ss:Type="String">Hồ Nguyên Khang</Data></Cell>
    <Cell ss:StyleID="s63"><Data ss:Type="Number">0</Data></Cell>
    <Cell ss:StyleID="s63"/>
    <Cell ss:StyleID="s63"/>
    <Cell ss:StyleID="s63"/>
   </Row>
   <Row ss:AutoFitHeight="0">
    <Cell ss:StyleID="s63"><Data ss:Type="Number">4</Data></Cell>
    <Cell ss:StyleID="s63"><Data ss:Type="String">Mirai</Data></Cell>
    <Cell ss:StyleID="s63"><Data ss:Type="String">a</Data></Cell>
    <Cell ss:StyleID="s63"><Data ss:Type="String">Hoàng Tuấn Huy</Data></Cell>
    <Cell ss:StyleID="s63"><Data ss:Type="Number">0</Data></Cell>
    <Cell ss:StyleID="s63"/>
    <Cell ss:StyleID="s63"/>
    <Cell ss:StyleID="s63"/>
   </Row>
   <Row ss:AutoFitHeight="0">
    <Cell ss:StyleID="s63"><Data ss:Type="Number">5</Data></Cell>
    <Cell ss:StyleID="s63"><Data ss:Type="String">TMCong</Data></Cell>
    <Cell ss:StyleID="s63"><Data ss:Type="String">a</Data></Cell>
    <Cell ss:StyleID="s63"><Data ss:Type="String">Trần Minh Công</Data></Cell>
    <Cell ss:StyleID="s63"><Data ss:Type="Number">0</Data></Cell>
    <Cell ss:StyleID="s63"/>
    <Cell ss:StyleID="s63"/>
    <Cell ss:StyleID="s63"/>
   </Row>
   <Row ss:AutoFitHeight="0">
    <Cell ss:StyleID="s63"><Data ss:Type="Number">6</Data></Cell>
    <Cell ss:StyleID="s63"><Data ss:Type="String">Finn</Data></Cell>
    <Cell ss:StyleID="s63"><Data ss:Type="String">a</Data></Cell>
    <Cell ss:StyleID="s63"><Data ss:Type="String">Trần Bình Minh</Data></Cell>
    <Cell ss:StyleID="s63"><Data ss:Type="Number">0</Data></Cell>
    <Cell ss:StyleID="s63"/>
    <Cell ss:StyleID="s63"/>
    <Cell ss:StyleID="s63"/>
   </Row>
   <Row ss:AutoFitHeight="0">
    <Cell ss:StyleID="s63"><Data ss:Type="Number">7</Data></Cell>
    <Cell ss:StyleID="s64"><Data ss:Type="String">LDQuan</Data></Cell>
    <Cell ss:StyleID="s63"><Data ss:Type="String">a</Data></Cell>
    <Cell ss:StyleID="s64"><Data ss:Type="String">Lã Đức Quân</Data></Cell>
    <Cell ss:StyleID="s63"><Data ss:Type="Number">0</Data></Cell>
    <Cell ss:StyleID="s63"/>
    <Cell ss:StyleID="s63"/>
    <Cell ss:StyleID="s63"/>
   </Row>
   <Row ss:AutoFitHeight="0">
    <Cell ss:StyleID="s63"><Data ss:Type="Number">8</Data></Cell>
    <Cell ss:StyleID="s64"><Data ss:Type="String">THHuyen</Data></Cell>
    <Cell ss:StyleID="s63"><Data ss:Type="String">a</Data></Cell>
    <Cell ss:StyleID="s64"><Data ss:Type="String">Trần Hạnh Huyền</Data></Cell>
    <Cell ss:StyleID="s63"><Data ss:Type="Number">0</Data></Cell>
    <Cell ss:StyleID="s63"/>
    <Cell ss:StyleID="s63"/>
    <Cell ss:StyleID="s63"/>
   </Row>
   <Row ss:AutoFitHeight="0">
    <Cell ss:StyleID="s63"><Data ss:Type="Number">9</Data></Cell>
    <Cell ss:StyleID="s64"><Data ss:Type="String">NDHuy</Data></Cell>
    <Cell ss:StyleID="s63"><Data ss:Type="String">a</Data></Cell>
    <Cell ss:StyleID="s64"><Data ss:Type="String">Nguyễn Đình Huy</Data></Cell>
    <Cell ss:StyleID="s63"><Data ss:Type="Number">0</Data></Cell>
    <Cell ss:StyleID="s63"/>
    <Cell ss:StyleID="s63"/>
    <Cell ss:StyleID="s63"/>
   </Row>
   <Row ss:AutoFitHeight="0">
    <Cell ss:StyleID="s63"><Data ss:Type="Number">10</Data></Cell>
    <Cell ss:StyleID="s63"><Data ss:Type="String">BHHung</Data></Cell>
    <Cell ss:StyleID="s63"><Data ss:Type="String">a</Data></Cell>
    <Cell ss:StyleID="s63"><Data ss:Type="String">Bạch Huy Hùng</Data></Cell>
    <Cell ss:StyleID="s63"><Data ss:Type="Number">0</Data></Cell>
    <Cell ss:StyleID="s63"/>
    <Cell ss:StyleID="s63"/>
    <Cell ss:StyleID="s63"/>
   </Row>
   <Row ss:AutoFitHeight="0">
    <Cell ss:StyleID="s63"><Data ss:Type="Number">11</Data></Cell>
    <Cell ss:StyleID="s63"><Data ss:Type="String">VMDung</Data></Cell>
    <Cell ss:StyleID="s63"><Data ss:Type="String">a</Data></Cell>
    <Cell ss:StyleID="s63"><Data ss:Type="String">Vũ Mạnh Dũng</Data></Cell>
    <Cell ss:StyleID="s63"><Data ss:Type="Number">0</Data></Cell>
    <Cell ss:StyleID="s63"/>
    <Cell ss:StyleID="s63"/>
    <Cell ss:StyleID="s63"/>
   </Row>
   <Row ss:AutoFitHeight="0">
    <Cell ss:StyleID="s63"><Data ss:Type="Number">12</Data></Cell>
    <Cell ss:StyleID="s63"><Data ss:Type="String">HHHai</Data></Cell>
    <Cell ss:StyleID="s63"><Data ss:Type="String">a</Data></Cell>
    <Cell ss:StyleID="s63"><Data ss:Type="String">Hoàng Hồng Hải</Data></Cell>
    <Cell ss:StyleID="s63"><Data ss:Type="Number">0</Data></Cell>
    <Cell ss:StyleID="s63"/>
    <Cell ss:StyleID="s63"/>
    <Cell ss:StyleID="s63"/>
   </Row>
   <Row ss:AutoFitHeight="0">
    <Cell ss:StyleID="s63"/>
    <Cell ss:StyleID="s63"/>
    <Cell ss:StyleID="s63"/>
    <Cell ss:StyleID="s63"/>
    <Cell ss:StyleID="s63"/>
    <Cell ss:StyleID="s63"/>
    <Cell ss:StyleID="s63"/>
    <Cell ss:StyleID="s63"/>
   </Row>
   <Row ss:AutoFitHeight="0">
    <Cell ss:StyleID="s63"/>
    <Cell ss:StyleID="s63"/>
    <Cell ss:StyleID="s63"/>
    <Cell ss:StyleID="s63"/>
    <Cell ss:StyleID="s63"/>
    <Cell ss:StyleID="s63"/>
    <Cell ss:StyleID="s63"/>
    <Cell ss:StyleID="s63"/>
   </Row>
   <Row ss:AutoFitHeight="0">
    <Cell ss:StyleID="s63"/>
    <Cell ss:StyleID="s63"/>
    <Cell ss:StyleID="s63"/>
    <Cell ss:StyleID="s63"/>
    <Cell ss:StyleID="s63"/>
    <Cell ss:StyleID="s63"/>
    <Cell ss:StyleID="s63"/>
    <Cell ss:StyleID="s63"/>
   </Row>
   <Row ss:AutoFitHeight="0">
    <Cell ss:StyleID="s63"/>
    <Cell ss:StyleID="s63"/>
    <Cell ss:StyleID="s63"/>
    <Cell ss:StyleID="s63"/>
    <Cell ss:StyleID="s63"/>
    <Cell ss:StyleID="s63"/>
    <Cell ss:StyleID="s63"/>
    <Cell ss:StyleID="s63"/>
   </Row>
   <Row ss:AutoFitHeight="0">
    <Cell ss:StyleID="s63"/>
    <Cell ss:StyleID="s64"/>
    <Cell ss:StyleID="s63"/>
    <Cell ss:StyleID="s64"/>
    <Cell ss:StyleID="s63"/>
    <Cell ss:StyleID="s63"/>
    <Cell ss:StyleID="s63"/>
    <Cell ss:StyleID="s63"/>
   </Row>
   <Row ss:AutoFitHeight="0">
    <Cell ss:StyleID="s63"/>
    <Cell ss:StyleID="s64"/>
    <Cell ss:StyleID="s63"/>
    <Cell ss:StyleID="s64"/>
    <Cell ss:StyleID="s63"/>
    <Cell ss:StyleID="s63"/>
    <Cell ss:StyleID="s63"/>
    <Cell ss:StyleID="s63"/>
   </Row>
   <Row ss:AutoFitHeight="0">
    <Cell ss:StyleID="s63"/>
    <Cell ss:StyleID="s64"/>
    <Cell ss:StyleID="s63"/>
    <Cell ss:StyleID="s64"/>
    <Cell ss:StyleID="s63"/>
    <Cell ss:StyleID="s63"/>
    <Cell ss:StyleID="s63"/>
    <Cell ss:StyleID="s63"/>
   </Row>
   <Row ss:AutoFitHeight="0">
    <Cell ss:StyleID="s63"/>
    <Cell ss:StyleID="s64"/>
    <Cell ss:StyleID="s63"/>
    <Cell ss:StyleID="s64"/>
    <Cell ss:StyleID="s63"/>
    <Cell ss:StyleID="s63"/>
    <Cell ss:StyleID="s63"/>
    <Cell ss:StyleID="s63"/>
   </Row>
   <Row ss:AutoFitHeight="0">
    <Cell ss:StyleID="s63"/>
    <Cell ss:StyleID="s64"/>
    <Cell ss:StyleID="s63"/>
    <Cell ss:StyleID="s64"/>
    <Cell ss:StyleID="s63"/>
    <Cell ss:StyleID="s63"/>
    <Cell ss:StyleID="s63"/>
    <Cell ss:StyleID="s63"/>
   </Row>
   <Row ss:AutoFitHeight="0">
    <Cell ss:StyleID="s63"/>
    <Cell ss:StyleID="s64"/>
    <Cell ss:StyleID="s63"/>
    <Cell ss:StyleID="s64"/>
    <Cell ss:StyleID="s63"/>
    <Cell ss:StyleID="s63"/>
    <Cell ss:StyleID="s63"/>
    <Cell ss:StyleID="s63"/>
   </Row>
   <Row ss:AutoFitHeight="0">
    <Cell ss:StyleID="s63"/>
    <Cell ss:StyleID="s64"/>
    <Cell ss:StyleID="s63"/>
    <Cell ss:StyleID="s64"/>
    <Cell ss:StyleID="s63"/>
    <Cell ss:StyleID="s63"/>
    <Cell ss:StyleID="s63"/>
    <Cell ss:StyleID="s63"/>
   </Row>
   <Row ss:AutoFitHeight="0">
    <Cell ss:StyleID="s63"/>
    <Cell ss:StyleID="s64"/>
    <Cell ss:StyleID="s63"/>
    <Cell ss:StyleID="s64"/>
    <Cell ss:StyleID="s63"/>
    <Cell ss:StyleID="s63"/>
    <Cell ss:StyleID="s63"/>
    <Cell ss:StyleID="s63"/>
   </Row>
   <Row ss:AutoFitHeight="0">
    <Cell ss:StyleID="s63"/>
    <Cell ss:StyleID="s64"/>
    <Cell ss:StyleID="s63"/>
    <Cell ss:StyleID="s64"/>
    <Cell ss:StyleID="s63"/>
    <Cell ss:StyleID="s63"/>
    <Cell ss:StyleID="s63"/>
    <Cell ss:StyleID="s63"/>
   </Row>
   <Row ss:AutoFitHeight="0">
    <Cell ss:StyleID="s63"/>
    <Cell ss:StyleID="s64"/>
    <Cell ss:StyleID="s63"/>
    <Cell ss:StyleID="s64"/>
    <Cell ss:StyleID="s63"/>
    <Cell ss:StyleID="s63"/>
    <Cell ss:StyleID="s63"/>
    <Cell ss:StyleID="s63"/>
   </Row>
   <Row ss:AutoFitHeight="0">
    <Cell ss:StyleID="s63"/>
    <Cell ss:StyleID="s63"/>
    <Cell ss:StyleID="s63"/>
    <Cell ss:StyleID="s64"/>
    <Cell ss:StyleID="s63"/>
    <Cell ss:StyleID="s63"/>
    <Cell ss:StyleID="s63"/>
    <Cell ss:StyleID="s63"/>
   </Row>
   <Row ss:AutoFitHeight="0">
    <Cell ss:StyleID="s63"/>
    <Cell ss:StyleID="s63"/>
    <Cell ss:StyleID="s63"/>
    <Cell ss:StyleID="s64"/>
    <Cell ss:StyleID="s63"/>
    <Cell ss:StyleID="s63"/>
    <Cell ss:StyleID="s63"/>
    <Cell ss:StyleID="s63"/>
   </Row>
   <Row ss:AutoFitHeight="0">
    <Cell ss:StyleID="s63"/>
    <Cell ss:StyleID="s63"/>
    <Cell ss:StyleID="s63"/>
    <Cell ss:StyleID="s64"/>
    <Cell ss:StyleID="s63"/>
    <Cell ss:StyleID="s63"/>
    <Cell ss:StyleID="s63"/>
    <Cell ss:StyleID="s63"/>
   </Row>
   <Row ss:AutoFitHeight="0">
    <Cell ss:StyleID="s63"/>
    <Cell ss:StyleID="s63"/>
    <Cell ss:StyleID="s63"/>
    <Cell ss:StyleID="s64"/>
    <Cell ss:StyleID="s63"/>
    <Cell ss:StyleID="s63"/>
    <Cell ss:StyleID="s63"/>
    <Cell ss:StyleID="s63"/>
   </Row>
   <Row ss:AutoFitHeight="0">
    <Cell ss:StyleID="s63"/>
    <Cell ss:StyleID="s63"/>
    <Cell ss:StyleID="s63"/>
    <Cell ss:StyleID="s64"/>
    <Cell ss:StyleID="s63"/>
    <Cell ss:StyleID="s63"/>
    <Cell ss:StyleID="s63"/>
    <Cell ss:StyleID="s63"/>
   </Row>
   <Row ss:AutoFitHeight="0">
    <Cell ss:StyleID="s63"/>
    <Cell ss:StyleID="s63"/>
    <Cell ss:StyleID="s63"/>
    <Cell ss:StyleID="s63"/>
    <Cell ss:StyleID="s63"/>
    <Cell ss:StyleID="s63"/>
    <Cell ss:StyleID="s63"/>
    <Cell ss:StyleID="s63"/>
   </Row>
   <Row ss:AutoFitHeight="0">
    <Cell ss:StyleID="s63"/>
    <Cell ss:StyleID="s63"/>
    <Cell ss:StyleID="s63"/>
    <Cell ss:StyleID="s63"/>
    <Cell ss:StyleID="s63"/>
    <Cell ss:StyleID="s63"/>
    <Cell ss:StyleID="s63"/>
    <Cell ss:StyleID="s63"/>
   </Row>
   <Row ss:AutoFitHeight="0">
    <Cell ss:StyleID="s63"/>
    <Cell ss:StyleID="s63"/>
    <Cell ss:StyleID="s63"/>
    <Cell ss:StyleID="s63"/>
    <Cell ss:StyleID="s63"/>
    <Cell ss:StyleID="s63"/>
    <Cell ss:StyleID="s63"/>
    <Cell ss:StyleID="s63"/>
   </Row>
   <Row ss:AutoFitHeight="0">
    <Cell ss:StyleID="s63"/>
    <Cell ss:StyleID="s63"/>
    <Cell ss:StyleID="s63"/>
    <Cell ss:StyleID="s63"/>
    <Cell ss:StyleID="s63"/>
    <Cell ss:StyleID="s63"/>
    <Cell ss:StyleID="s63"/>
    <Cell ss:StyleID="s63"/>
   </Row>
   <Row ss:AutoFitHeight="0">
    <Cell ss:StyleID="s63"/>
    <Cell ss:StyleID="s63"/>
    <Cell ss:StyleID="s63"/>
    <Cell ss:StyleID="s63"/>
    <Cell ss:StyleID="s63"/>
    <Cell ss:StyleID="s63"/>
    <Cell ss:StyleID="s63"/>
    <Cell ss:StyleID="s63"/>
   </Row>
   <Row ss:AutoFitHeight="0">
    <Cell ss:StyleID="s63"/>
    <Cell ss:StyleID="s63"/>
    <Cell ss:StyleID="s63"/>
    <Cell ss:StyleID="s63"/>
    <Cell ss:StyleID="s63"/>
    <Cell ss:StyleID="s63"/>
    <Cell ss:StyleID="s63"/>
    <Cell ss:StyleID="s63"/>
   </Row>
   <Row ss:AutoFitHeight="0">
    <Cell ss:StyleID="s63"/>
    <Cell ss:StyleID="s63"/>
    <Cell ss:StyleID="s63"/>
    <Cell ss:StyleID="s63"/>
    <Cell ss:StyleID="s63"/>
    <Cell ss:StyleID="s63"/>
    <Cell ss:StyleID="s63"/>
    <Cell ss:StyleID="s63"/>
   </Row>
   <Row ss:AutoFitHeight="0">
    <Cell ss:StyleID="s63"/>
    <Cell ss:StyleID="s63"/>
    <Cell ss:StyleID="s63"/>
    <Cell ss:StyleID="s63"/>
    <Cell ss:StyleID="s63"/>
    <Cell ss:StyleID="s63"/>
    <Cell ss:StyleID="s63"/>
    <Cell ss:StyleID="s63"/>
   </Row>
   <Row ss:AutoFitHeight="0">
    <Cell ss:StyleID="s63"/>
    <Cell ss:StyleID="s63"/>
    <Cell ss:StyleID="s63"/>
    <Cell ss:StyleID="s63"/>
    <Cell ss:StyleID="s63"/>
    <Cell ss:StyleID="s63"/>
    <Cell ss:StyleID="s63"/>
    <Cell ss:StyleID="s63"/>
   </Row>
   <Row ss:AutoFitHeight="0">
    <Cell ss:StyleID="s63"/>
    <Cell ss:StyleID="s63"/>
    <Cell ss:StyleID="s63"/>
    <Cell ss:StyleID="s63"/>
    <Cell ss:StyleID="s63"/>
    <Cell ss:StyleID="s63"/>
    <Cell ss:StyleID="s63"/>
    <Cell ss:StyleID="s63"/>
   </Row>
   <Row ss:AutoFitHeight="0">
    <Cell ss:StyleID="s63"/>
    <Cell ss:StyleID="s63"/>
    <Cell ss:StyleID="s63"/>
    <Cell ss:StyleID="s63"/>
    <Cell ss:StyleID="s63"/>
    <Cell ss:StyleID="s63"/>
    <Cell ss:StyleID="s63"/>
    <Cell ss:StyleID="s63"/>
   </Row>
   <Row ss:AutoFitHeight="0">
    <Cell ss:StyleID="s63"/>
    <Cell ss:StyleID="s63"/>
    <Cell ss:StyleID="s63"/>
    <Cell ss:StyleID="s63"/>
    <Cell ss:StyleID="s63"/>
    <Cell ss:StyleID="s63"/>
    <Cell ss:StyleID="s63"/>
    <Cell ss:StyleID="s63"/>
   </Row>
   <Row ss:AutoFitHeight="0">
    <Cell ss:StyleID="s63"/>
    <Cell ss:Index="3" ss:StyleID="s63"/>
    <Cell ss:StyleID="s63"/>
    <Cell ss:StyleID="s63"/>
    <Cell ss:StyleID="s63"/>
   </Row>
   <Row ss:AutoFitHeight="0">
    <Cell ss:StyleID="s63"/>
    <Cell ss:Index="3" ss:StyleID="s63"/>
    <Cell ss:StyleID="s63"/>
    <Cell ss:StyleID="s63"/>
    <Cell ss:StyleID="s63"/>
   </Row>
   <Row ss:AutoFitHeight="0">
    <Cell ss:StyleID="s63"/>
    <Cell ss:Index="3" ss:StyleID="s63"/>
    <Cell ss:Index="5" ss:StyleID="s63"/>
   </Row>
   <Row ss:AutoFitHeight="0">
    <Cell ss:StyleID="s63"/>
    <Cell ss:Index="3" ss:StyleID="s63"/>
    <Cell ss:Index="5" ss:StyleID="s63"/>
   </Row>
   <Row ss:AutoFitHeight="0">
    <Cell ss:StyleID="s63"/>
    <Cell ss:Index="3" ss:StyleID="s63"/>
    <Cell ss:Index="5" ss:StyleID="s63"/>
   </Row>
   <Row ss:AutoFitHeight="0">
    <Cell ss:StyleID="s63"/>
    <Cell ss:Index="3" ss:StyleID="s63"/>
    <Cell ss:Index="5" ss:StyleID="s63"/>
   </Row>
   <Row ss:AutoFitHeight="0">
    <Cell ss:StyleID="s63"/>
    <Cell ss:Index="3" ss:StyleID="s63"/>
    <Cell ss:Index="5" ss:StyleID="s63"/>
   </Row>
   <Row ss:AutoFitHeight="0">
    <Cell ss:StyleID="s63"/>
    <Cell ss:Index="3" ss:StyleID="s63"/>
    <Cell ss:Index="5" ss:StyleID="s63"/>
   </Row>
   <Row ss:AutoFitHeight="0">
    <Cell ss:StyleID="s63"/>
    <Cell ss:Index="3" ss:StyleID="s63"/>
    <Cell ss:Index="5" ss:StyleID="s63"/>
   </Row>
   <Row ss:AutoFitHeight="0">
    <Cell ss:StyleID="s63"/>
    <Cell ss:Index="3" ss:StyleID="s63"/>
    <Cell ss:Index="5" ss:StyleID="s63"/>
   </Row>
   <Row ss:AutoFitHeight="0">
    <Cell ss:StyleID="s63"/>
    <Cell ss:Index="3" ss:StyleID="s63"/>
    <Cell ss:Index="5" ss:StyleID="s63"/>
   </Row>
   <Row ss:AutoFitHeight="0">
    <Cell ss:StyleID="s63"/>
    <Cell ss:Index="3" ss:StyleID="s63"/>
    <Cell ss:Index="5" ss:StyleID="s63"/>
   </Row>
   <Row ss:AutoFitHeight="0">
    <Cell ss:StyleID="s63"/>
    <Cell ss:Index="3" ss:StyleID="s63"/>
    <Cell ss:Index="5" ss:StyleID="s63"/>
   </Row>
   <Row ss:AutoFitHeight="0">
    <Cell ss:StyleID="s63"/>
    <Cell ss:Index="3" ss:StyleID="s63"/>
    <Cell ss:Index="5" ss:StyleID="s63"/>
   </Row>
   <Row ss:AutoFitHeight="0">
    <Cell ss:StyleID="s63"/>
    <Cell ss:Index="3" ss:StyleID="s63"/>
    <Cell ss:Index="5" ss:StyleID="s63"/>
   </Row>
  </Table>
  <WorksheetOptions xmlns="urn:schemas-microsoft-com:office:excel">
   <PageSetup>
    <Header x:Margin="0.3"/>
    <Footer x:Margin="0.3"/>
    <PageMargins x:Bottom="0.75" x:Left="0.7" x:Right="0.7" x:Top="0.75"/>
   </PageSetup>
   <Unsynced/>
   <Print>
    <ValidPrinterInfo/>
    <PaperSizeIndex>9</PaperSizeIndex>
    <HorizontalResolution>600</HorizontalResolution>
    <VerticalResolution>0</VerticalResolution>
   </Print>
   <Selected/>
   <Panes>
    <Pane>
     <Number>3</Number>
     <ActiveRow>2</ActiveRow>
     <ActiveCol>4</ActiveCol>
    </Pane>
   </Panes>
   <ProtectObjects>False</ProtectObjects>
   <ProtectScenarios>False</ProtectScenarios>
  </WorksheetOptions>
 </Worksheet>
 <Worksheet ss:Name="Sheet2">
  <Table ss:ExpandedColumnCount="1" ss:ExpandedRowCount="1" x:FullColumns="1"
   x:FullRows="1" ss:DefaultColumnWidth="54" ss:DefaultRowHeight="15">
   <Row ss:AutoFitHeight="0"/>
  </Table>
  <WorksheetOptions xmlns="urn:schemas-microsoft-com:office:excel">
   <PageSetup>
    <Header x:Margin="0.3"/>
    <Footer x:Margin="0.3"/>
    <PageMargins x:Bottom="0.75" x:Left="0.7" x:Right="0.7" x:Top="0.75"/>
   </PageSetup>
   <Unsynced/>
   <ProtectObjects>False</ProtectObjects>
   <ProtectScenarios>False</ProtectScenarios>
  </WorksheetOptions>
 </Worksheet>
 <Worksheet ss:Name="Sheet3">
  <Table ss:ExpandedColumnCount="1" ss:ExpandedRowCount="1" x:FullColumns="1"
   x:FullRows="1" ss:DefaultColumnWidth="54" ss:DefaultRowHeight="15">
   <Row ss:AutoFitHeight="0"/>
  </Table>
  <WorksheetOptions xmlns="urn:schemas-microsoft-com:office:excel">
   <PageSetup>
    <Header x:Margin="0.3"/>
    <Footer x:Margin="0.3"/>
    <PageMargins x:Bottom="0.75" x:Left="0.7" x:Right="0.7" x:Top="0.75"/>
   </PageSetup>
   <Unsynced/>
   <ProtectObjects>False</ProtectObjects>
   <ProtectScenarios>False</ProtectScenarios>
  </WorksheetOptions>
 </Worksheet>
</Workbook>
